prediction,timestamp_sec,timestamp_nanosec
1,1718657264,82994538
1,1718657287,432818209
1,1718657287,477869617
1,1718657303,134475255
1,1718657313,182792268
1,1718657325,834178890
1,1718657341,536473584
1,1718657352,79578467
1,1718657364,732630219
1,1718657392,786728720
1,1718657392,831009369
1,1718657417,788424613
1,1718657417,840155187
2,1718657741,467738790
2,1718657741,578489216
2,1718657741,772294142
2,1718657741,909570957
2,1718657742,92925512
2,1718657742,235589086
2,1718657742,427053845
2,1718657742,573817327
1,1718657742,886466827
1,1718657743,123629567
1,1718657743,265408475
2,1718657743,403250530
1,1718657743,604830141
1,1718657743,936823159
2,1718657744,579320714
2,1718657744,885566437
2,1718657745,474652825
1,1718657745,524729140
1,1718657745,922495029
1,1718657746,41673584
2,1718657751,831879044
2,1718657751,874318636
2,1718657751,918061414
1,1718657757,502405207
1,1718657757,586473059
2,1718657757,645937799
1,1718657893,977945181
2,1718657923,21886849
2,1718657923,89870201
2,1718657923,155588997
2,1718657923,216136645
2,1718657923,278976404
2,1718657923,316848089
