prediction,timestamp_sec,timestamp_nanosec
1,1750696949,46346152
1,1750696949,63230204
1,1750696949,100785280
1,1750696959,996252189
1,1750696960,7429074
1,1750696962,551353537
1,1750696975,745910791
1,1750696976,258733156
1,1750697004,45923574
1,1750697004,67380955
1,1750697004,100911361
1,1750697017,796115829
1,1750697017,819909539
1,1750697017,840534707
1,1750697017,880064441
1,1750697078,692020901
1,1750697099,742249033
1,1750697134,327021637
1,1750697169,327629200
1,1750697177,727558621
1,1750697177,743859605
1,1750697177,778907762
1,1750697177,798659676
1,1750697177,820359524
1,1750697177,859270831
1,1750697177,898542626
1,1750697177,920879043
1,1750697183,626893958
1,1750697183,646133392
1,1750697183,675155395
1,1750697183,701001187
1,1750697183,733958154
1,1750697183,757767047
1,1750697183,796571903
1,1750697183,819345571
1,1750697183,837744909
1,1750697183,881069363
1,1750697183,898700918
1,1750697190,377248548
1,1750697214,627781061
1,1750697218,77540272
1,1750697223,676926031
1,1750697482,57358057
1,1750697482,67561153
1,1750697482,95542905
1,1750697482,112870468
1,1750697482,154329659
1,1750697485,6416227
1,1750697485,16830688
1,1750697485,32217007
1,1750697485,60587564
1,1750697485,92316057
1,1750697485,116033638
1,1750697485,152440282
1,1750697485,172487603
1,1750697488,106635639
1,1750697488,126086665
1,1750697488,137502783
1,1750697488,176095764
1,1750697491,156433121
1,1750697491,167707233
1,1750697500,6401323
1,1750697500,16923760
1,1750697500,31820189
1,1750697500,57370795
1,1750697500,73008251
1,1750697500,112326708
1,1750697500,146260814
1,1750697500,175867298
1,1750697500,201614787
1,1750697500,246105310
1,1750697500,261230491
1,1750697500,276253187
1,1750697500,317543805
1,1750697532,757358983
1,1750697539,357804060
1,1750697545,656558567
1,1750697545,672330809
1,1750697545,691413093
1,1750697545,717635944
1,1750697545,731312608
1,1750697552,407525275
1,1750697552,418387595
1,1750697552,441838192
1,1750697552,452804204
1,1750697552,472042781
1,1750697552,491404647
1,1750697552,516100298
1,1750697552,532773349
1,1750697555,456685022
1,1750697555,468398639
1,1750697555,982884248
1,1750697559,7348499
1,1750697561,906634962
1,1750697561,918201516
1,1750697561,981766800
1,1750697561,993946705
1,1750697562,4558023
1,1750697562,17297497
1,1750697562,72824923
1,1750698922,182730560
1,1750698924,982914597
1,1750698925,881966963
1,1750698925,932963428
1,1750698932,382783133
1,1750698932,389855502
1,1750698932,427160667
1,1750698932,445992635
1,1750698932,486042473
1,1750698935,282656578
1,1750698935,292055777
1,1750698935,306205060
1,1750698935,326301763
1,1750698938,182737988
1,1750698940,982382713
1,1750698940,991203882
1,1750698941,26143699
1,1750698981,781913879
1,1750698981,791727779
1,1750698984,631872538
1,1750698984,645904987
1,1750698984,667708161
1,1750698984,703052921
1,1750698984,726423793
1,1750698984,746760039
1,1750698984,785929709
1,1750698987,632830145
1,1750698987,645902919
1,1750698987,685867953
1,1750698988,201030821
1,1750698992,882963870
1,1750698992,890523906
1,1750698992,926194128
1,1750698992,946731272
1,1750698992,992696279
1,1750698993,26330726
1,1750698993,54183478
1,1750698995,882722076
1,1750698995,892739066
1,1750698996,410710358
1,1750698996,440012555
1,1750699004,982270797
1,1750699004,994394692
1,1750699005,7087137
1,1750699005,45817268
1,1750699005,66652445
1,1750699005,95123551
1,1750699005,125790426
1,1750699005,146116911
1,1750699005,199991337
1,1750699007,984790136
1,1750699008,32738151
1,1750699008,83109438
1,1750699008,132726329
1,1750699008,184915587
1,1750699008,233431952
1,1750699008,632370791
1,1750699008,682976179
1,1750699008,733336009
1,1750699008,783239616
1,1750699008,833430162
1,1750699009,283033893
1,1750699012,832418629
1,1750699014,682349549
1,1750699014,733597340
1,1750699049,598512384
1,1750699049,648694301
1,1750699053,98540037
1,1750699053,148853532
1,1750699053,163183584
1,1750699053,174111426
1,1750699053,184071528
1,1750699053,198476532
1,1750699053,230990462
1,1750699053,246897485
1,1750699053,261123112
1,1750699053,289078746
1,1750699053,318162708
1,1750699053,326348493
1,1750699053,339335753
1,1750699053,368793959
1,1750699056,148411810
1,1750699056,162051575
1,1750699062,548473137
1,1750699062,560493612
1,1750699062,574746345
1,1750699069,299046575
1,1750699071,798628682
1,1750699071,849132841
1,1750699071,900000359
1,1750699074,48554519
1,1750699083,248594537
1,1750699083,299491609
1,1750699084,799158858
1,1750699084,849695469
1,1750699084,900626468
1,1750699088,499166680
1,1750699088,549155985
1,1750699088,600008993
1,1750699088,649301933
1,1750699088,699873122
1,1750699088,749030780
1,1750699090,356011607
1,1750699094,48578974
1,1750699094,100129126
1,1750699094,149225750
1,1750699109,248520378
1,1750699180,478006675
1,1750699180,528304995
1,1750699181,828009128
1,1750699182,378028526
1,1750699182,429227648
1,1750699185,28077647
1,1750699185,78707850
1,1750699185,128780722
1,1750699185,978098150
1,1750699186,29103230
1,1750699186,79853871
1,1750699186,182090460
1,1750699186,578059557
1,1750699193,278138060
1,1750699193,328936975
1,1750699193,379556376
1,1750699193,429245981
1,1750699193,478401085
1,1750699198,328179350
1,1750699198,378650579
1,1750699200,478207678
1,1750699200,528848724
1,1750699200,578873384
1,1750699200,629297469
1,1750699201,428649913
1,1750699243,727931875
1,1750699243,778622952
1,1750699243,828511804
1,1750699245,127859401
1,1750699245,178701073
1,1750699268,482220759
